username,tag,time,tweet,comment,like,retweet
Elon Musk,@elonmusk,2021-07-10T05:47:13.000Z,Fellowship of the RaptorsFellowship of the Raptors,4.4K,55.1K,4.1K
Elon Musk,@elonmusk,2021-07-10T03:11:05.000Z,Dragon returning from orbitDragon returning from orbit,3.2K,22.8K,1.9K
Elon Musk,@elonmusk,2021-07-09T21:50:01.000Z,Solar + Powerwall battery ensures that your home never loses powerSolar + Powerwall battery ensures that your home never loses power,7.2K,97.5K,7.3K
Elon Musk,@elonmusk,2021-07-09T20:50:33.000Z,Tesla Solar Roof + Powerwall in major new housing development in AustinTesla Solar Roof + Powerwall in major new housing development in Austin,2.5K,20.3K,2K
Elon Musk,@elonmusk,2021-07-09T20:39:21.000Z,"Autonomous SpaceX droneship,
A Shortfall of GravitasAutonomous SpaceX droneship,
A Shortfall of Gravitas",4.6K,105.5K,12K
Electrek.Co,@ElectrekCo,2021-07-05T22:35:43.000Z,"I just bought my very first Tesla. Here's what happened https://electrek.co/2021/07/05/i-just-bought-my-very-first-tesla-heres-what-happened/‚Ä¶ by 
@michelle0728I just bought my very first Tesla. Here's what happened https://electrek.co/2021/07/05/i-just-bought-my-very-first-tesla-heres-what-happened/‚Ä¶ by 
@michelle0728",1.5K,11.3K,1K
Elon Musk,@elonmusk,2021-07-08T05:51:19.000Z,I love this I love this ,7.1K,117.3K,9.4K
Elon Musk,@elonmusk,2021-07-07T18:48:11.000Z,Supersonic shock waveSupersonic shock wave,1.7K,39.2K,1.5K
Elon Musk,@elonmusk,2021-07-07T18:46:53.000Z,,1.8K,64.6K,3.4K
Elon Musk,@elonmusk,2021-07-07T16:58:11.000Z,High res landing Falcon landing videoHigh res landing Falcon landing video,9.4K,194.4K,21.6K
Elon Musk,@elonmusk,2021-07-06T22:09:32.000Z,,17K,309.8K,37K
Elon Musk,@elonmusk,2021-07-05T07:12:04.000Z,Free BritneyFree Britney,17.7K,449.4K,58K
Elon Musk,@elonmusk,2021-07-04T18:06:48.000Z,Happy 4th to all!Happy 4th to all!,3.5K,86.9K,3.5K
Elon Musk,@elonmusk,2021-07-04T17:59:19.000Z,Bless AmericaBless America,11.5K,238.2K,13.9K
Elon Musk,@elonmusk,2021-07-03T21:23:23.000Z,New SpaceX Starlink cover shows transfer orbit from Earth to MarsNew SpaceX Starlink cover shows transfer orbit from Earth to Mars,6.4K,97.2K,6.8K
Elon Musk,@elonmusk,2021-07-02T13:20:14.000Z,,16.5K,203.4K,22.5K
Elon Musk,@elonmusk,2021-07-02T13:09:28.000Z,"Congrats Tesla Team on over 200,000 car built & delivered in Q2, despite many challenges!!Congrats Tesla Team on over 200,000 car built & delivered in Q2, despite many challenges!!",7.9K,174.6K,11K
Elon Musk,@elonmusk,2021-07-02T09:03:21.000Z,,7.9K,239.4K,16.2K
Elon Musk,@elonmusk,2021-07-01T18:44:25.000Z,Super Heavy on road & 7th Tower segment addedSuper Heavy on road & 7th Tower segment added,5.6K,119.9K,9.4K
SpaceX,@SpaceX,2021-06-30T19:19:37.000Z,Watch Falcon 9 launch 88 spacecraft to orbit ‚Üí http://spacex.com/launchesWatch Falcon 9 launch 88 spacecraft to orbit ‚Üí http://spacex.com/launches,983,16.3K,2.5K
SpaceX,@SpaceX,2021-06-29T18:43:40.000Z,Live webcast of the Transporter-2 mission ‚Üí http://spacex.com/launchesLive webcast of the Transporter-2 mission ‚Üí http://spacex.com/launches,1.9K,25.5K,3.6K
SpaceX,@SpaceX,2021-06-29T14:56:49.000Z,"Falcon 9 and 88 spacecraft are vertical on pad 40 ahead of today‚Äôs launch. The 58-minute window opens at 2:56 p.m. EDT, and the webcast will go live about 15 minutes before liftoff ‚Üí http://spacex.com/launchesFalcon 9 and 88 spacecraft are vertical on pad 40 ahead of today‚Äôs launch. The 58-minute window opens at 2:56 p.m. EDT, and the webcast will go live about 15 minutes before liftoff ‚Üí http://spacex.com/launches",1.6K,25.9K,2.8K
Elon Musk,@elonmusk,2021-06-28T20:25:03.000Z,Thanks for all the happy birthday wishes!Thanks for all the happy birthday wishes!,36.7K,380.4K,19K
Elon Musk,@elonmusk,2021-06-27T14:11:23.000Z,,14.4K,315.6K,27.1K
Elon Musk,@elonmusk,2021-06-25T22:58:58.000Z,"All 72 orbital planes activate in August, plus many other improvements, enabling global coverage, except for polar regions, which will take another 6 monthsAll 72 orbital planes activate in August, plus many other improvements, enabling global coverage, except for polar regions, which will take another 6 months",3.2K,62K,3.6K
Elon Musk,@elonmusk,2021-06-25T22:51:28.000Z,"Starlink simultaneously active users just exceeded the strategically important threshold of 69,420 last night!Starlink simultaneously active users just exceeded the strategically important threshold of 69,420 last night!",11.1K,170K,14K
Elon Musk,@elonmusk,2021-06-25T11:03:04.000Z,My Shiba Inu will be named FlokiMy Shiba Inu will be named Floki,39.4K,303.9K,45.5K
Elon Musk,@elonmusk,2021-06-25T10:42:24.000Z,Timing is everythingTiming is everything,8.3K,211.2K,18.8K
TijnM_3DAnimations,@m_tijn,2021-06-08T12:07:47.000Z,"Accidentally deleted this tweet, so here it is again!
#EpicRocketRender #liftoff #spaceX #launchTower #Blender3dAccidentally deleted this tweet, so here it is again!
#EpicRocketRender #liftoff #spaceX #launchTower #Blender3d",845,14.3K,1K
Archillect,@archillect,2021-06-25T02:14:28.000Z,,1.9K,61.6K,5.5K
Elon Musk,@elonmusk,2021-06-25T02:11:52.000Z,‚ÄúThat‚Äôs not funny!‚Äù ‚Äì Bitcoin maxis‚ÄúThat‚Äôs not funny!‚Äù ‚Äì Bitcoin maxis,3.5K,60.8K,3.3K
Elon Musk,@elonmusk,2021-06-25T02:10:31.000Z,How many Bitcoin maxis does it take to screw in a lightbulb?How many Bitcoin maxis does it take to screw in a lightbulb?,18K,101.5K,10.5K
Elon Musk,@elonmusk,2021-06-24T01:10:10.000Z,Shout out to the awesome Tesla global team. Thanks for working so hard to make Tesla successful!Shout out to the awesome Tesla global team. Thanks for working so hard to make Tesla successful!,9.3K,154.1K,8.5K
SpaceX,@SpaceX,2021-06-21T20:40:14.000Z,View from the droneship of Falcon 9‚Äôs landingView from the droneship of Falcon 9‚Äôs landing,3.8K,50.6K,5.8K
SpaceX,@SpaceX,2021-06-17T16:19:51.000Z,"Falcon 9‚Äôs first stage has landed on the Just Read the Instructions droneship, completing this booster‚Äôs second GPS III flightFalcon 9‚Äôs first stage has landed on the Just Read the Instructions droneship, completing this booster‚Äôs second GPS III flight",2.3K,43.1K,6.2K
SpaceX,@SpaceX,2021-06-17T17:41:30.000Z,Deployment of GPS III-5 confirmedDeployment of GPS III-5 confirmed,1K,23.7K,2K
SpaceX,@SpaceX,2021-06-17T18:04:19.000Z,Flight-proven Falcon 9 launches GPS III-5 to orbitFlight-proven Falcon 9 launches GPS III-5 to orbit,1.1K,35.3K,2.9K
motortrend,@MotorTrend,2021-06-17T16:34:38.000Z,"We head to Auto Club Famoso Raceway to test out how long it takes the 2022 
@Tesla
 Model S Plaid to go from 0 to 60 mph. Tesla's new Model S Plaid promises incredible acceleration but does it deliver? Get the full story right here   https://bit.ly/35yRJLAWe head to Auto Club Famoso Raceway to test out how long it takes the 2022 
@Tesla
 Model S Plaid to go from 0 to 60 mph. Tesla's new Model S Plaid promises incredible acceleration but does it deliver? Get the full story right here   https://bit.ly/35yRJLA",1.1K,14.8K,1.4K
Elon Musk,@elonmusk,2021-06-16T22:37:20.000Z,Let‚Äôs just skip original video games & movies & go straight to the sequelLet‚Äôs just skip original video games & movies & go straight to the sequel,15K,146.9K,10.3K
Elon Musk,@elonmusk,2021-06-15T08:06:24.000Z,From the top of Starbase high bayFrom the top of Starbase high bay,10.5K,133.8K,10K
CleanTechnica,@cleantechnica,2021-06-15T07:16:24.000Z,Jay Leno Breaks World Record In Tesla‚Äôs New Plaid Model S ‚Äî ‚ÄúI Love This Car‚ÄùJay Leno Breaks World Record In Tesla‚Äôs New Plaid Model S ‚Äî ‚ÄúI Love This Car‚Äù,1.7K,21.6K,1.9K
Elon Musk,@elonmusk,2021-06-15T07:47:35.000Z,Stacking Super Heavy Aft SectionStacking Super Heavy Aft Section,6.1K,156.6K,9.9K
Elon Musk,@elonmusk,2021-06-14T08:22:48.000Z,K is KindredK is Kindred,12.9K,42.5K,2.3K
Elon Musk,@elonmusk,2021-06-14T08:21:46.000Z,Could turn out to be one big Philip K Dick joke in the endCould turn out to be one big Philip K Dick joke in the end,8.4K,71.9K,3.9K
Elon Musk,@elonmusk,2021-06-14T08:13:50.000Z,"Pluto takes 248 years to orbit the sun, but Uranus only takes 84Pluto takes 248 years to orbit the sun, but Uranus only takes 84",16.5K,249.3K,16.6K
Elon Musk,@elonmusk,2021-06-14T05:04:50.000Z,!!!!,15.9K,384.6K,41.5K
Elon Musk,@elonmusk,2021-06-14T04:02:55.000Z,This is trueThis is true,4.9K,88.4K,5.4K
Elon Musk,@elonmusk,2021-06-11T04:47:43.000Z,"Most amount of fun on 4 wheels!
Pure joy on tap whenever u want.Most amount of fun on 4 wheels!
Pure joy on tap whenever u want.",4.3K,56.1K,2.4K
Elon Musk,@elonmusk,2021-06-11T04:45:32.000Z,Order Tesla Model S Plaid atOrder Tesla Model S Plaid at,10.1K,92.9K,7.2K
Tesla,@Tesla,2021-06-07T19:58:42.000Z,"Model S Plaid delivery event at our Fremont factory will be streamed live on June 10, 7pm PacificModel S Plaid delivery event at our Fremont factory will be streamed live on June 10, 7pm Pacific",8.4K,63K,7.6K
Elon Musk,@elonmusk,2021-06-06T20:48:20.000Z,0 to 60mph in under 2 secs. Quickest production car ever made of any kind. Has to be felt to be believed.0 to 60mph in under 2 secs. Quickest production car ever made of any kind. Has to be felt to be believed.,6.2K,116.1K,6.7K
Elon Musk,@elonmusk,2021-06-06T20:46:19.000Z,"Plaid+ is canceled. No need, as Plaid is just so good.Plaid+ is canceled. No need, as Plaid is just so good.",4.1K,77.9K,3.7K
Elon Musk,@elonmusk,2021-06-06T20:45:13.000Z,Model S goes to Plaid speed this weekModel S goes to Plaid speed this week,13.2K,145.8K,7.9K
Elon Musk,@elonmusk,2021-06-06T11:07:47.000Z,,13K,312.1K,21.9K
Elon Musk,@elonmusk,2021-06-06T10:58:55.000Z,,12.2K,270.9K,22.6K
Elon Musk,@elonmusk,2021-06-06T08:36:37.000Z,I guess we read the instructions hahaI guess we read the instructions haha,5.9K,80.6K,4.9K
SpaceX,@SpaceX,2021-06-05T16:06:01.000Z,Falcon 9 and SXM-8 vertical ahead of tomorrow morning‚Äôs launch ‚Üí http://spacex.com/launchesFalcon 9 and SXM-8 vertical ahead of tomorrow morning‚Äôs launch ‚Üí http://spacex.com/launches,2.5K,40.7K,3.2K
NASA,@NASA,2021-06-05T09:13:12.000Z,"Contact and capture are confirmed at 5:09am ET. 
@SpaceX
's cargo Dragon has arrived at the 
@Space_Station
, delivering over 7,300 pounds of 
@ISS_Research
, equipment, supplies, and new roll-out solar arrays for the orbiting lab.Contact and capture are confirmed at 5:09am ET. 
@SpaceX
's cargo Dragon has arrived at the 
@Space_Station
, delivering over 7,300 pounds of 
@ISS_Research
, equipment, supplies, and new roll-out solar arrays for the orbiting lab.",937,26K,2.4K
Elon Musk,@elonmusk,2021-06-05T21:18:43.000Z,"Don‚Äôt kill what you hate,
Save what you loveDon‚Äôt kill what you hate,
Save what you love",44.6K,479K,71.7K
Elon Musk,@elonmusk,2021-06-05T18:55:49.000Z,"Goods & services are the real economy, any form of money is simply the accounting thereofGoods & services are the real economy, any form of money is simply the accounting thereof",23K,213.2K,23.3K
SpaceX,@SpaceX,2021-06-01T14:43:14.000Z,"Falcon 9 and Dragon roll out to Launch Complex 39A ahead of Dragon's 22nd cargo resupply mission to the 
@Space_StationFalcon 9 and Dragon roll out to Launch Complex 39A ahead of Dragon's 22nd cargo resupply mission to the 
@Space_Station",2.4K,64.7K,5.7K
Elon Musk,@elonmusk,2021-05-30T19:42:22.000Z,Ocean spaceport Deimos is under construction for launch next yearOcean spaceport Deimos is under construction for launch next year,10.3K,130.5K,12.7K
SpaceX,@SpaceX,2021-05-30T13:04:26.000Z,"One year ago today, SpaceX launched its first human spaceflight mission with 
@NASA
 astronauts 
@AstroBehnken
 and 
@Astro_Doug
 on boardOne year ago today, SpaceX launched its first human spaceflight mission with 
@NASA
 astronauts 
@AstroBehnken
 and 
@Astro_Doug
 on board",1.4K,38.3K,3.6K
Elon Musk,@elonmusk,2021-05-29T05:01:18.000Z,"Model S Plaid delivery pushed to June 10. Needs one more week of tweak.

This car feels like a spaceship. Words cannot describe the limbic resonance.Model S Plaid delivery pushed to June 10. Needs one more week of tweak.

This car feels like a spaceship. Words cannot describe the limbic resonance.",10.6K,144.5K,9.3K
Elon Musk,@elonmusk,2021-05-28T04:56:24.000Z,,3.3K,102.2K,4.4K
Elon Musk,@elonmusk,2021-05-28T03:47:51.000Z,"Ship 16 & Booster 2, Starbase HighbayShip 16 & Booster 2, Starbase Highbay",11.8K,270.1K,20.6K
Tesla,@Tesla,2021-05-26T20:30:57.000Z,Just surpassed 200k Powerwall installs globally Just surpassed 200k Powerwall installs globally ,3.7K,40.3K,3.9K
Tesla,@Tesla,2021-05-26T18:53:46.000Z,"If you want to help cover Giga Berlin in awesome graffiti art, send us your work at GigaBerlinArt@Tesla.comIf you want to help cover Giga Berlin in awesome graffiti art, send us your work at GigaBerlinArt@Tesla.com",3.8K,48.6K,4.8K
SpaceX,@SpaceX,2021-05-26T18:51:29.000Z,Today's flight will mark the 40th time SpaceX has reflown Falcon fairing halves since November 2019Today's flight will mark the 40th time SpaceX has reflown Falcon fairing halves since November 2019,2K,45.9K,3.4K
SpaceX,@SpaceX,2021-05-26T18:46:29.000Z,Watch Falcon 9 launch 60 Starlink satellites to orbit ‚Üí http://spacex.com/launchesWatch Falcon 9 launch 60 Starlink satellites to orbit ‚Üí http://spacex.com/launches,1.7K,30.2K,5.1K
Elon Musk,@elonmusk,2021-05-26T18:49:21.000Z,"If only they had spaceships, they‚Äôd still be aroundIf only they had spaceships, they‚Äôd still be around",6.6K,140.9K,6.1K
Elon Musk,@elonmusk,2021-05-26T18:47:30.000Z,Deep thotsDeep thots,14.5K,302.9K,32.1K
Elon Musk,@elonmusk,2021-05-22T09:22:41.000Z,Any sufficiently advanced magic is indistinguishable from technologyAny sufficiently advanced magic is indistinguishable from technology,24.6K,292.9K,27.3K
Elon Musk,@elonmusk,2021-05-20T10:41:00.000Z,How much is that Doge in the window?How much is that Doge in the window?,73.8K,312.2K,63.2K
Elon Musk,@elonmusk,2021-05-20T07:54:54.000Z,"Tesla Model S Plaid delivery event
June 3 at our California factory

Fastest production car ever
0 to 60mph in under 2 secsTesla Model S Plaid delivery event
June 3 at our California factory

Fastest production car ever
0 to 60mph in under 2 secs",18.6K,200.7K,16.5K
Elon Musk,@elonmusk,2021-05-19T15:41:10.000Z,Credit to our Master of CoinCredit to our Master of Coin,16K,176.1K,15.2K
Elon Musk,@elonmusk,2021-05-19T14:42:44.000Z,Tesla has  Tesla has  ,72.1K,467.3K,76.7K
Elon Musk,@elonmusk,2021-05-18T13:43:19.000Z,"Aiming for extreme precision with next gen Model Y ‚Äì microns, not millimetersAiming for extreme precision with next gen Model Y ‚Äì microns, not millimeters",6.4K,96.1K,4.9K
Elon Musk,@elonmusk,2021-05-18T11:46:18.000Z,Giga Berlin suppliers please accelerate!Giga Berlin suppliers please accelerate!,18.9K,162K,10.7K
Elon Musk,@elonmusk,2021-05-18T09:25:14.000Z,,18.7K,284K,20.6K
SpaceX,@SpaceX,2021-05-15T22:44:18.000Z,Live feed of Starlink mission ‚Üí http://spacex.com/launchesLive feed of Starlink mission ‚Üí http://spacex.com/launches,12K,69.9K,10.7K
Tesla,@Tesla,2021-05-14T16:25:44.000Z,Configurator now live in Hungary  & Romania Configurator now live in Hungary  & Romania ,8.5K,82.1K,5.8K
SpaceX,@SpaceX,2021-05-13T19:33:59.000Z,SpaceX‚Äôs fifth high-altitude flight test of Starship from Starbase in TexasSpaceX‚Äôs fifth high-altitude flight test of Starship from Starbase in Texas,9.7K,154.4K,23K
Elon Musk,@elonmusk,2021-05-13T23:30:52.000Z,As alwaysAs always,38K,370.3K,53.5K
Elon Musk,@elonmusk,2021-05-13T22:45:16.000Z,Working with Doge devs to improve system transaction efficiency. Potentially promising.Working with Doge devs to improve system transaction efficiency. Potentially promising.,66.8K,550.7K,107.5K
Elon Musk,@elonmusk,2021-05-13T21:11:46.000Z,"To be clear, I strongly believe in crypto, but it can‚Äôt drive a massive increase in fossil fuel use, especially coalTo be clear, I strongly believe in crypto, but it can‚Äôt drive a massive increase in fossil fuel use, especially coal",59.4K,372.9K,43.6K
Elon Musk,@elonmusk,2021-05-13T20:59:45.000Z,It is high time there was a carbon tax!It is high time there was a carbon tax!,34.9K,249.4K,24.9K
Elon Musk,@elonmusk,2021-05-13T09:54:35.000Z,Energy usage trend over past few months is insane https://cbeci.orgEnergy usage trend over past few months is insane https://cbeci.org,24.3K,90.6K,12.7K
Elon Musk,@elonmusk,2021-05-12T22:06:14.000Z,Tesla & BitcoinTesla & Bitcoin,126.5K,507K,127.8K
Elon Musk,@elonmusk,2021-05-09T13:21:16.000Z,Wario was my fav haha Wario was my fav haha ,20.1K,137.8K,10.9K
Elon Musk,@elonmusk,2021-05-08T20:39:52.000Z,"Special link to view SNL outside USA
https://m.youtube.com/watch?v=VJX9ymv_vUQ&feature=youtu.be‚Ä¶Special link to view SNL outside USA
https://m.youtube.com/watch?v=VJX9ymv_vUQ&feature=youtu.be‚Ä¶",20.9K,174.6K,29.5K
Elon Musk,@elonmusk,2021-05-08T09:03:01.000Z,First time a Falcon rocket booster will reach double digits in flightsFirst time a Falcon rocket booster will reach double digits in flights,6.5K,96.6K,6.9K
Elon Musk,@elonmusk,2021-05-08T01:22:52.000Z,Cybertruck prototype in New York this weekendCybertruck prototype in New York this weekend,12.2K,272.5K,17.6K
Elon Musk,@elonmusk,2021-05-07T21:05:35.000Z,Guest starring ‚Ä¶Guest starring ‚Ä¶,38.3K,768.8K,125.2K
Elon Musk,@elonmusk,2021-05-07T20:57:52.000Z,,9.8K,228.4K,21.4K
Saturday Night Live - SNL,@nbcsnl,2021-05-07T01:13:33.000Z,"ELON MUSK. MILEY CYRUS.
THIS SATURDAYELON MUSK. MILEY CYRUS.
THIS SATURDAY",9.5K,138.7K,23.3K
Elon Musk,@elonmusk,2021-05-07T04:24:20.000Z,"Cryptocurrency is promising, but please invest with caution!Cryptocurrency is promising, but please invest with caution!",18.8K,225.3K,43.4K
Elon Musk,@elonmusk,2021-05-06T19:26:59.000Z,Make humanity a multiplanet species!Make humanity a multiplanet species!,69.5K,626.6K,70.7K
Elon Musk,@elonmusk,2021-05-06T19:26:09.000Z,Public support for life on Mars is critical to making it happenPublic support for life on Mars is critical to making it happen,14.6K,240.7K,20.6K
Saturday Night Live - SNL,@nbcsnl,2021-05-06T00:16:11.000Z,,18.3K,122.6K,15.9K
Elon Musk,@elonmusk,2021-05-05T22:37:20.000Z,Starship landing nominal!Starship landing nominal!,21K,334.2K,35.5K
Elon Musk,@elonmusk,2021-05-05T22:22:39.000Z,About to launchAbout to launch,7.3K,107.1K,10.1K
SpaceX,@SpaceX,2021-05-04T19:11:31.000Z,Falcon 9‚Äôs first stage has landed on the Of Course I Still Love You droneship ‚Äì the 9th landing of this boosterFalcon 9‚Äôs first stage has landed on the Of Course I Still Love You droneship ‚Äì the 9th landing of this booster,4K,50.5K,4.7K
SpaceX,@SpaceX,2021-05-04T18:49:43.000Z,Watch Falcon 9 launch 60 Starlink satellites ‚Üí http://spacex.com/launchesWatch Falcon 9 launch 60 Starlink satellites ‚Üí http://spacex.com/launches,2.6K,36K,4.9K
SpaceX,@SpaceX,2021-05-04T14:05:10.000Z,#MayThe4thBeWithYou#MayThe4thBeWithYou,3.1K,121.1K,16K
NASA,@NASA,2021-05-01T22:00:40.000Z,"LIVE: NASA's 
@SpaceX
 Crew-1 astronauts are strapped in for their journey home tonight. Watch the hatches close between Crew Dragon Resilience and the 
@Space_Station
.

Ask questions using #LaunchAmerica.LIVE: NASA's 
@SpaceX
 Crew-1 astronauts are strapped in for their journey home tonight. Watch the hatches close between Crew Dragon Resilience and the 
@Space_Station
.

Ask questions using #LaunchAmerica.",1K,23.5K,3.1K
SpaceX,@SpaceX,2021-05-02T00:37:00.000Z,"Separation confirmed. Dragon will perform four departure burns to move away from the 
@space_stationSeparation confirmed. Dragon will perform four departure burns to move away from the 
@space_station",1.6K,52.9K,5.9K
Elon Musk,@elonmusk,2021-05-01T21:56:54.000Z,Baby Shark & Shark Tank merge to form Baby Shark TankBaby Shark & Shark Tank merge to form Baby Shark Tank,5.7K,87.6K,5.2K
Elon Musk,@elonmusk,2021-05-01T21:53:38.000Z,Irony Man ‚Äì defeats villains using the power of ironyIrony Man ‚Äì defeats villains using the power of irony,4.4K,93.6K,5.9K
Elon Musk,@elonmusk,2021-05-01T21:49:50.000Z,Throwing out some skit ideas for SNL. What should I do?Throwing out some skit ideas for SNL. What should I do?,53.8K,140.8K,15.2K
Elon Musk,@elonmusk,2021-05-01T21:36:22.000Z,"Woke James Bond
SNL May 8Woke James Bond
SNL May 8",10.7K,149.9K,13K
Elon Musk,@elonmusk,2021-04-29T22:45:59.000Z,"A major part of real-world AI has to be solved to make unsupervised, generalized full self-driving work, as the entire road system is designed for biological neural nets with optical imagersA major part of real-world AI has to be solved to make unsupervised, generalized full self-driving work, as the entire road system is designed for biological neural nets with optical imagers",27.2K,142.1K,11.3K
SpaceX,@SpaceX,2021-04-29T03:55:11.000Z,"Falcon 9‚Äôs first stage has landed on the Just Read the Instructions droneship, completing this booster‚Äôs seventh launch and landingFalcon 9‚Äôs first stage has landed on the Just Read the Instructions droneship, completing this booster‚Äôs seventh launch and landing",3.5K,67.4K,6.7K
Elon Musk,@elonmusk,2021-04-28T08:43:37.000Z,,10.7K,55.2K,4.8K
Elon Musk,@elonmusk,2021-04-28T06:20:47.000Z,"The Dogefather
SNL May 8The Dogefather
SNL May 8",37.9K,461.3K,89.3K
Elon Musk,@elonmusk,2021-04-27T00:15:00.000Z,"Starship SN15 static fire completed, preparing for flight later this weekStarship SN15 static fire completed, preparing for flight later this week",13.6K,169.7K,10.4K
International Space Station,@Space_Station,2021-04-26T18:05:08.000Z,"The 
@SpaceX
 Crew-1 astronauts will soon soar back to Earth and parachute to a splashdown off the coast of Florida. They tell 
@maragabrielle30
 what they will be doing afterward. #AskNASAThe 
@SpaceX
 Crew-1 astronauts will soon soar back to Earth and parachute to a splashdown off the coast of Florida. They tell 
@maragabrielle30
 what they will be doing afterward. #AskNASA",2.3K,31.5K,2.9K
Elon Musk,@elonmusk,2021-04-25T03:20:46.000Z,Let‚Äôs find out just how live Saturday Night Live really is Let‚Äôs find out just how live Saturday Night Live really is ,14.3K,220K,14.6K
Elon Musk,@elonmusk,2021-04-25T03:09:25.000Z,Am hosting SNL on May 8Am hosting SNL on May 8,14.4K,329.8K,23.2K
SpaceX,@SpaceX,2021-04-24T09:19:17.000Z,"Docking confirmed ‚Äì second time at the 
@space_station
 for this DragonDocking confirmed ‚Äì second time at the 
@space_station
 for this Dragon",3.9K,95.4K,8.6K
Elon Musk,@elonmusk,2021-04-24T09:03:34.000Z,,6.7K,245.1K,21.9K
Elon Musk,@elonmusk,2021-04-24T08:55:19.000Z,define ‚Ä¶ beautydefine ‚Ä¶ beauty,57.5K,276.2K,61K
Elon Musk,@elonmusk,2021-04-24T08:54:25.000Z,What does the future hodl?What does the future hodl?,52.1K,322.6K,35.3K
Starman,@RealLifeStarman,2021-04-23T21:21:36.000Z,"‚ÄúWe need to have a big permanently occupied base on the moon, and then build a city on Mars and become a spacefaring civilization. We don‚Äôt want to be one of those single planet species, we want to be a multi-planetary species.‚Äù  ‚Äî 
@ElonMusk‚ÄúWe need to have a big permanently occupied base on the moon, and then build a city on Mars and become a spacefaring civilization. We don‚Äôt want to be one of those single planet species, we want to be a multi-planetary species.‚Äù  ‚Äî 
@ElonMusk",5.5K,126.4K,20K
XPRIZE,@xprize,2021-04-22T20:33:57.000Z,Elon Musk and Peter Diamandis LIVE on $100M XPRIZE Carbon RemovalElon Musk and Peter Diamandis LIVE on $100M XPRIZE Carbon Removal,2.3K,20.5K,3.5K
Elon Musk,@elonmusk,2021-04-22T20:57:44.000Z, Happy Earth Day  Happy Earth Day ,16.2K,435K,38.6K
SpaceX,@SpaceX,2021-04-22T18:34:13.000Z,All systems and weather are looking good for Falcon 9‚Äôs launch of Dragon with four astronauts on board. Webcast will go live tomorrow at ~1:30 a.m. EDT ‚Üí http://spacex.com/launchesAll systems and weather are looking good for Falcon 9‚Äôs launch of Dragon with four astronauts on board. Webcast will go live tomorrow at ~1:30 a.m. EDT ‚Üí http://spacex.com/launches,2.2K,51.5K,6.3K
Elon Musk,@elonmusk,2021-04-22T05:49:17.000Z,Tesla Solar + Powerwall battery enables consumers to be their own utilityTesla Solar + Powerwall battery enables consumers to be their own utility,10.3K,173.6K,12.3K
Elon Musk,@elonmusk,2021-04-22T05:14:54.000Z,"Powerwall 2 peak & steady power capability is better than advertised. 

Now that we have lots of operational data, Tesla can unlock higher capabilities for free via software update next month. 

Depending on production date, power increase power may be >50% at 30C ambient temp.Powerwall 2 peak & steady power capability is better than advertised. 

Now that we have lots of operational data, Tesla can unlock higher capabilities for free via software update next month. 

Depending on production date, power increase power may be >50% at 30C ambient temp.",1.3K,28.3K,1.3K
Elon Musk,@elonmusk,2021-04-22T01:51:09.000Z,"Solar power will feed exclusively to Powerwall. Powerwall will interface only between utility meter & house main breaker panel, enabling super simple install & seamless whole house backup during utility dropouts.Solar power will feed exclusively to Powerwall. Powerwall will interface only between utility meter & house main breaker panel, enabling super simple install & seamless whole house backup during utility dropouts.",2.3K,56.7K,2.8K
Elon Musk,@elonmusk,2021-04-22T01:27:43.000Z,"Starting next week, Tesla Solar Panels & Solar Roof will only be sold as an integrated product *with* Tesla Powerwall batteryStarting next week, Tesla Solar Panels & Solar Roof will only be sold as an integrated product *with* Tesla Powerwall battery",7.5K,126.6K,9K
NASA Commercial Crew,@Commercial_Crew,2021-04-21T11:34:36.000Z,"Launch Update  
@NASA
 and 
@SpaceX
 now are targeting Friday, April 23 at 5:49 a.m. ET for the launch of the Crew-2 mission to the 
@Space_Station
 due to unfavorable weather conditions along the flight path on Thursday.

Learn more: https://go.nasa.gov/3tC8IXOLaunch Update  
@NASA
 and 
@SpaceX
 now are targeting Friday, April 23 at 5:49 a.m. ET for the launch of the Crew-2 mission to the 
@Space_Station
 due to unfavorable weather conditions along the flight path on Thursday.

Learn more: https://go.nasa.gov/3tC8IXO",2.8K,35.9K,5K
SpaceX,@SpaceX,2021-04-20T15:20:58.000Z,Falcon 9 and Dragon are looking good for flight of Crew-2 astronauts; teams are keeping an eye on launch site and downrange weatherFalcon 9 and Dragon are looking good for flight of Crew-2 astronauts; teams are keeping an eye on launch site and downrange weather,5.9K,52.2K,5.7K
SpaceX,@SpaceX,2021-04-18T13:21:40.000Z,"SpaceX and 
@NASA
 completed a full rehearsal of launch day activities with the four Crew-2 astronautsSpaceX and 
@NASA
 completed a full rehearsal of launch day activities with the four Crew-2 astronauts",6.7K,105K,9.9K
Elon Musk,@elonmusk,2021-04-17T22:32:03.000Z,Tesla with Autopilot engaged now approaching 10 times lower chance of accident than average vehicleTesla with Autopilot engaged now approaching 10 times lower chance of accident than average vehicle,11.4K,161.1K,19.8K
Elon Musk,@elonmusk,2021-04-17T05:46:56.000Z,Dragon spacecraft & Falcon 9 rocketDragon spacecraft & Falcon 9 rocket,9.7K,221K,16.6K
Elon Musk,@elonmusk,2021-04-17T04:46:34.000Z,"If we make life multiplanetary, there may come a day when some plants & animals die out on Earth, but are still alive on MarsIf we make life multiplanetary, there may come a day when some plants & animals die out on Earth, but are still alive on Mars",15.1K,232.4K,22.5K
Tesla,@Tesla,2021-04-16T05:56:47.000Z,Cybertruck at Giga TexasCybertruck at Giga Texas,6.2K,191.3K,17K
Elon Musk,@elonmusk,2021-04-16T02:13:57.000Z, Austin Rocks!!   Austin Rocks!!  ,10K,163.1K,10.8K
Elon Musk,@elonmusk,2021-04-16T00:50:37.000Z,Make life multiplanetary! #MarsMake life multiplanetary! #Mars,14.6K,322.2K,32K
Elon Musk,@elonmusk,2021-04-15T04:33:18.000Z,Doge Barking at the MoonDoge Barking at the Moon,22.6K,334.3K,55.1K
Elon Musk,@elonmusk,2021-04-15T03:47:00.000Z,Le Petit PrinceLe Petit Prince,2.7K,91K,4.3K
Elon Musk,@elonmusk,2021-04-15T03:42:35.000Z,"‚òæ

           ñ®Ü‚ô°‚òæ

           ñ®Ü‚ô°",10.7K,327.4K,41.6K
Elon Musk,@elonmusk,2021-04-14T21:57:08.000Z,Tesla AI/Autopilot engineering is awesome! Making excellent progress solving real-world AI.Tesla AI/Autopilot engineering is awesome! Making excellent progress solving real-world AI.,5.5K,130.7K,7.6K
Elon Musk,@elonmusk,2021-04-11T15:48:58.000Z,Love this beautiful shotLove this beautiful shot,3.8K,94.3K,2.2K
Elon Musk,@elonmusk,2021-04-11T12:23:49.000Z,The art In Cyberpunk is incredibleThe art In Cyberpunk is incredible,9.8K,272.9K,12.7K
Elon Musk,@elonmusk,2021-04-10T22:09:02.000Z,Blimps rockBlimps rock,9.9K,180.4K,8.3K
Elon Musk,@elonmusk,2021-04-10T07:45:17.000Z,Just needs some legsJust needs some legs,2.1K,49.5K,1.4K
Elon Musk,@elonmusk,2021-04-10T07:45:10.000Z,The Starship launch tower that catches the giant rocket booster is basically MechazillaThe Starship launch tower that catches the giant rocket booster is basically Mechazilla,3.6K,84.2K,3.6K
Elon Musk,@elonmusk,2021-04-10T07:29:45.000Z,But wait how is the core of the earth lit by the sun? Stop asking questions!!But wait how is the core of the earth lit by the sun? Stop asking questions!!,2.3K,71.3K,2.9K
Elon Musk,@elonmusk,2021-04-10T07:29:01.000Z,Kong vs Godzilla has record for most meth ever consumed in a writer‚Äôs roomKong vs Godzilla has record for most meth ever consumed in a writer‚Äôs room,4.2K,179.8K,15.6K
Elon Musk,@elonmusk,2021-04-10T07:15:47.000Z,‚Ä¶ going to moon very soon‚Ä¶ going to moon very soon,31.2K,543.3K,54K
Elon Musk,@elonmusk,2021-04-10T06:41:45.000Z,Where is Shrek 5!?Where is Shrek 5!?,4.7K,276.2K,27K
Elon Musk,@elonmusk,2021-04-09T22:24:01.000Z,It‚Äôs all about the cufflinksIt‚Äôs all about the cufflinks,5.3K,344.7K,27.6K
Elon Musk,@elonmusk,2021-04-09T11:24:30.000Z,Thanks to all that helped SpaceX!Thanks to all that helped SpaceX!,1.1K,37.5K,1K
Elon Musk,@elonmusk,2021-04-09T11:21:13.000Z,Just read it. Book is accurate.Just read it. Book is accurate.,2K,58.5K,4K
Elon Musk,@elonmusk,2021-04-09T00:24:31.000Z,"First 
@Neuralink
 product will enable someone with paralysis to use a smartphone with their mind faster than someone using thumbsFirst 
@Neuralink
 product will enable someone with paralysis to use a smartphone with their mind faster than someone using thumbs",6K,176K,23.4K
Elon Musk,@elonmusk,2021-04-09T00:16:21.000Z,Monkey plays Pong with his mindMonkey plays Pong with his mind,4.6K,134.4K,17.7K
Elon Musk,@elonmusk,2021-04-08T09:41:16.000Z,Thanks Tesla suppliers for providing us with critical parts!Thanks Tesla suppliers for providing us with critical parts!,5.2K,187.7K,6.5K
Elon Musk,@elonmusk,2021-04-07T20:02:22.000Z,"To be clear, I do support vaccines in general & covid vaccines specifically. The science is unequivocal. 

In very rare cases, there is an allergic reaction, but this is easily addressed with an EpiPen.To be clear, I do support vaccines in general & covid vaccines specifically. The science is unequivocal. 

In very rare cases, there is an allergic reaction, but this is easily addressed with an EpiPen.",11.2K,195.4K,16.2K
SpaceX,@SpaceX,2021-04-07T17:39:47.000Z,"Deployment of 60 Starlink satellites confirmed, completing SpaceX‚Äôs 10th mission this yearDeployment of 60 Starlink satellites confirmed, completing SpaceX‚Äôs 10th mission this year",1.5K,40.5K,4.1K
Elon Musk,@elonmusk,2021-04-06T19:28:24.000Z,‚ÄúTanks for the memery!‚Äù ‚Äì Panzer of the Lake‚ÄúTanks for the memery!‚Äù ‚Äì Panzer of the Lake,5.7K,133.5K,5.3K
Elon Musk,@elonmusk,2021-04-05T11:01:29.000Z,"The Earth is not flat, it‚Äôs a hollow globe & Donkey King lives there!The Earth is not flat, it‚Äôs a hollow globe & Donkey King lives there!",11.9K,286.3K,24.6K
SpaceX,@SpaceX,2021-04-05T10:21:25.000Z,Dragon is go for the first-ever port relocation flight of a commercial spacecraft http://nasa.gov/liveDragon is go for the first-ever port relocation flight of a commercial spacecraft http://nasa.gov/live,885,24.2K,2K
Elon Musk,@elonmusk,2021-04-05T10:28:42.000Z,"Godzilla vs Kong is so amaze much wow!
Most insane movie I‚Äôve ever seen!
Love letter to conspiracy theorists!
And yet heartwarming in the end.Godzilla vs Kong is so amaze much wow!
Most insane movie I‚Äôve ever seen!
Love letter to conspiracy theorists!
And yet heartwarming in the end.",7.4K,216.1K,15.8K
Elon Musk,@elonmusk,2021-04-04T10:53:26.000Z,Urgent need to build more housing in greater Austin area!Urgent need to build more housing in greater Austin area!,4.2K,64.4K,3K
Elon Musk,@elonmusk,2021-04-04T06:25:28.000Z,Austin++Austin++,7.2K,140.5K,7K
Elon Musk,@elonmusk,2021-04-04T01:03:00.000Z,No it doesn‚Äôt hurt at all No it doesn‚Äôt hurt at all ,7.1K,439.6K,42.3K
Elon Musk,@elonmusk,2021-04-03T04:31:41.000Z,"Me in my sick new car
(left him the money)Me in my sick new car
(left him the money)",57.6K,253.1K,13.2K
Elon Musk,@elonmusk,2021-04-01T10:25:23.000Z,SpaceX is going to put a literal Dogecoin on the literal moonSpaceX is going to put a literal Dogecoin on the literal moon,25.6K,543K,60.8K
Elon Musk,@elonmusk,2021-04-01T10:23:49.000Z,Nicheman ‚Äî his superpower is appealing to small audiencesNicheman ‚Äî his superpower is appealing to small audiences,2.7K,86.5K,4.4K
Elon Musk,@elonmusk,2021-03-31T19:23:17.000Z,"Over 10,000 people are needed for Giga Texas just through 2022!
- 5 mins from airport
-15 mins from downtown
- Right on Colorado riverOver 10,000 people are needed for Giga Texas just through 2022!
- 5 mins from airport
-15 mins from downtown
- Right on Colorado river",7.9K,103.2K,13.3K
Elon Musk,@elonmusk,2021-03-30T14:27:29.000Z,Am donating $20M to Cameron County schools & $10M to City of Brownsville for downtown revitalization. Details to follow next week.Am donating $20M to Cameron County schools & $10M to City of Brownsville for downtown revitalization. Details to follow next week.,12.2K,350.2K,28.7K
Elon Musk,@elonmusk,2021-03-30T14:17:29.000Z,"Please consider moving to Starbase or greater Brownsville/South Padre area in Texas & encourage friends to do so! 

SpaceX‚Äôs hiring needs for engineers, technicians, builders & essential support personnel of all kinds are growing rapidly.Please consider moving to Starbase or greater Brownsville/South Padre area in Texas & encourage friends to do so! 

SpaceX‚Äôs hiring needs for engineers, technicians, builders & essential support personnel of all kinds are growing rapidly.",15K,176.1K,21.7K
Elon Musk,@elonmusk,2021-03-29T15:33:52.000Z,FAA inspector unable to reach Starbase in time for launch today. Postponed to no earlier than tomorrow.FAA inspector unable to reach Starbase in time for launch today. Postponed to no earlier than tomorrow.,3.3K,74.2K,3.8K
Elon Musk,@elonmusk,2021-03-28T18:12:55.000Z,Possible Starship flight tomorrow afternoonPossible Starship flight tomorrow afternoon,10.9K,336.3K,19.5K
Elon Musk,@elonmusk,2021-03-28T11:10:25.000Z,Wholesome memesWholesome memes,5.5K,464.6K,37.7K
Elon Musk,@elonmusk,2021-03-27T03:34:31.000Z,Check out our new craneCheck out our new crane,17.9K,584.3K,55.4K
Tesla,@Tesla,2021-03-25T16:12:35.000Z,"6,000+ Superchargers across Europe ‚Äî at 600 locations and counting!

 by 
@EPavlic
, 
@MinimalDuck
 & 
@_better_e6,000+ Superchargers across Europe ‚Äî at 600 locations and counting!

 by 
@EPavlic
, 
@MinimalDuck
 & 
@_better_e",3.1K,56.7K,5.1K
Elon Musk,@elonmusk,2021-03-25T10:35:03.000Z,"If there‚Äôs ever a scandal about me, *please* call it ElongateIf there‚Äôs ever a scandal about me, *please* call it Elongate",21.2K,765.7K,64.4K
Elon Musk,@elonmusk,2021-03-25T10:25:26.000Z,Don‚Äôt defy DeFiDon‚Äôt defy DeFi,11.1K,175.2K,19.6K
Elon Musk,@elonmusk,2021-03-25T07:48:53.000Z,Mars rover looking backMars rover looking back,7.1K,273.9K,18.1K
SpaceX,@SpaceX,2021-03-24T09:34:19.000Z,Deployment of 60 Starlink satellites confirmedDeployment of 60 Starlink satellites confirmed,1.9K,62.4K,6K
Elon Musk,@elonmusk,2021-03-24T07:10:43.000Z,Pay by Bitcoin capability available outside US later this yearPay by Bitcoin capability available outside US later this year,3.1K,140.9K,9.7K
Elon Musk,@elonmusk,2021-03-24T07:09:34.000Z,"Tesla is using only internal & open source software & operates Bitcoin nodes directly.

Bitcoin paid to Tesla will be retained as Bitcoin, not converted to fiat currency.Tesla is using only internal & open source software & operates Bitcoin nodes directly.

Bitcoin paid to Tesla will be retained as Bitcoin, not converted to fiat currency.",4.6K,178.4K,23.7K
Elon Musk,@elonmusk,2021-03-24T07:02:40.000Z,You can now buy a Tesla with BitcoinYou can now buy a Tesla with Bitcoin,36.1K,892.6K,136.7K
Thomas Fogd√∂,@Fogdo,2019-09-08T13:21:40.000Z,"Thank you 
@Tesla
 for this helpful and cool feature :-)Thank you 
@Tesla
 for this helpful and cool feature :-)",2.1K,113.4K,12.9K
Elon Musk,@elonmusk,2021-03-23T01:14:58.000Z,Strongest argument against aliensStrongest argument against aliens,13.2K,457.3K,47.2K
Elon Musk,@elonmusk,2021-03-20T09:21:38.000Z,Music in zero gravityMusic in zero gravity,11.1K,388.7K,29K
Elon Musk,@elonmusk,2021-03-19T02:40:07.000Z,,8.5K,340.3K,25K
Elon Musk,@elonmusk,2021-03-17T01:20:54.000Z,SN11 almost ready to flySN11 almost ready to fly,4.6K,65.5K,4.8K
Elon Musk,@elonmusk,2021-03-16T23:41:44.000Z,"Actually, doesn‚Äôt feel quite right selling this. Will pass.Actually, doesn‚Äôt feel quite right selling this. Will pass.",4.4K,68.8K,2.6K
Elon Musk,@elonmusk,2021-03-15T19:52:47.000Z,I‚Äôm selling this song about NFTs as an NFTI‚Äôm selling this song about NFTs as an NFT,22.2K,244.7K,37.7K
Elon Musk,@elonmusk,2021-03-14T14:17:57.000Z,I love music. It makes my heart sing.I love music. It makes my heart sing.,21.7K,562.5K,62.3K
Elon Musk,@elonmusk,2021-03-14T14:10:15.000Z,This is goodThis is good,3.5K,44.9K,3.4K
Elon Musk,@elonmusk,2021-03-14T14:00:29.000Z,"Play your favorite song in a Tesla & turn the volume to 11

You will see. You will feel.Play your favorite song in a Tesla & turn the volume to 11

You will see. You will feel.",8.1K,168.6K,9.8K
Elon Musk,@elonmusk,2021-03-14T13:38:38.000Z,A puckish rogueA puckish rogue,2.5K,40K,2.9K
Elon Musk,@elonmusk,2021-03-14T04:10:36.000Z,Falcon flies for the 9th time tonightFalcon flies for the 9th time tonight,3.4K,111.5K,5.1K
Elon Musk,@elonmusk,2021-03-14T03:54:54.000Z,I‚Äôm getting a Shiba Inu #resistanceisfutileI‚Äôm getting a Shiba Inu #resistanceisfutile,12.2K,249K,24.2K
Elon Musk,@elonmusk,2021-03-14T01:59:13.000Z,"Homo sapiens techno: 
Loves raves & technologyHomo sapiens techno: 
Loves raves & technology",3.3K,99.7K,8.4K
SpaceX,@SpaceX,2021-03-13T02:05:14.000Z,"Targeting Sunday, March 14 at 6:01 a.m. EDT for Falcon 9's next launch of 60 Starlink satellites. The first stage booster supporting this mission has completed eight flights to date http://spacex.com/launchesTargeting Sunday, March 14 at 6:01 a.m. EDT for Falcon 9's next launch of 60 Starlink satellites. The first stage booster supporting this mission has completed eight flights to date http://spacex.com/launches",1.1K,43.5K,4.3K
Elon Musk,@elonmusk,2021-03-13T23:51:05.000Z,"Why are you so dogematic, they askWhy are you so dogematic, they ask",9.4K,244.7K,20.8K
Elon Musk,@elonmusk,2021-03-13T23:46:16.000Z,"Origin of Doge Day Afternoon:
The ancient Romans sacrificed a Dogecoin at the beginning of the Doge Days to appease the rage of Sirius, believing that the star was the cause of the hot, sultry weather.Origin of Doge Day Afternoon:
The ancient Romans sacrificed a Dogecoin at the beginning of the Doge Days to appease the rage of Sirius, believing that the star was the cause of the hot, sultry weather.",2.4K,76.3K,8.3K
Elon Musk,@elonmusk,2021-03-13T23:40:41.000Z,Doge day afternoonDoge day afternoon,7.2K,174.8K,20.4K
Elon Musk,@elonmusk,2021-03-13T23:32:59.000Z,Woketopia. Battle for the Moral High Ground in this new game!Woketopia. Battle for the Moral High Ground in this new game!,3.8K,110.2K,12.6K
Elon Musk,@elonmusk,2021-03-13T07:20:23.000Z, This Magic Moment  This Magic Moment ,9.1K,231.2K,14.1K
Elon Musk,@elonmusk,2021-03-12T23:51:00.000Z,"FSD Beta has now been expanded to ~2000 owners & we‚Äôve also revoked beta where drivers did not pay sufficient attention to the road. No accidents to date.

Next significant release will be in April. Going with pure vision ‚Äî not even using radar. This is the way to real-world AI.FSD Beta has now been expanded to ~2000 owners & we‚Äôve also revoked beta where drivers did not pay sufficient attention to the road. No accidents to date.

Next significant release will be in April. Going with pure vision ‚Äî not even using radar. This is the way to real-world AI.",1.4K,23.4K,1.9K
Elon Musk,@elonmusk,2021-03-12T19:00:34.000Z,Both do mining & use blocks & chainsBoth do mining & use blocks & chains,3K,102.5K,4.5K
Elon Musk,@elonmusk,2021-03-12T18:58:22.000Z,"BTC (Bitcoin) is an anagram of
TBC(The Boring Company)
What a coincidence!BTC (Bitcoin) is an anagram of
TBC(The Boring Company)
What a coincidence!",11.8K,242.9K,19.8K
SpaceX,@SpaceX,2021-03-11T08:14:28.000Z,Liftoff!Liftoff!,3.4K,88.5K,8.6K
Elon Musk,@elonmusk,2021-03-08T13:24:16.000Z,"Starbase, TexasStarbase, Texas",12K,454.8K,18.2K
Elon Musk,@elonmusk,2021-03-08T10:14:43.000Z,Carnot efficiency of the Universe?Carnot efficiency of the Universe?,7.1K,125K,5.6K
Elon Musk,@elonmusk,2021-03-07T22:43:39.000Z,"Great band, too bad they broke upGreat band, too bad they broke up",10.8K,398.6K,38.8K
Elon Musk,@elonmusk,2021-03-06T22:47:09.000Z,"Availability varies by region due to regulatory approval delays and/or Tesla internal development & testing. 

Note: word ‚ÄúBeta‚Äù is used to reduce complacency in usage & set expectations appropriately. All software is first tested internally by Tesla simulation & QA drive teams.Availability varies by region due to regulatory approval delays and/or Tesla internal development & testing. 

Note: word ‚ÄúBeta‚Äù is used to reduce complacency in usage & set expectations appropriately. All software is first tested internally by Tesla simulation & QA drive teams.",1.3K,31.9K,1.3K
Elon Musk,@elonmusk,2021-03-06T22:35:23.000Z,"Due to high levels of demand for FSD Beta, adding ‚ÄúDownload Beta‚Äù button to Service section of car display in ~10 daysDue to high levels of demand for FSD Beta, adding ‚ÄúDownload Beta‚Äù button to Service section of car display in ~10 days",4.5K,61.7K,4.5K
Elon Musk,@elonmusk,2021-03-06T04:40:30.000Z,Doge spelled backwards is EgodDoge spelled backwards is Egod,20.5K,406.8K,43K
Elon Musk,@elonmusk,2021-03-06T01:57:02.000Z,"If you want the Tesla Full Self-Driving Beta downloaded to your car, let us know. Doubling beta program size now with 8.2 & probably 10X size with 8.3. Still be careful, but it‚Äôs getting mature.If you want the Tesla Full Self-Driving Beta downloaded to your car, let us know. Doubling beta program size now with 8.2 & probably 10X size with 8.3. Still be careful, but it‚Äôs getting mature.",19.9K,125.5K,8.1K
Elon Musk,@elonmusk,2021-03-05T22:37:43.000Z,,15.7K,268K,20.4K
Elon Musk,@elonmusk,2021-03-05T10:35:28.000Z,SN10 is in Valhalla nowSN10 is in Valhalla now,4.9K,77.7K,6.4K
Elon Musk,@elonmusk,2021-03-05T10:32:09.000Z,Cybervikings of MarsCybervikings of Mars,6.2K,199K,11.3K
SpaceX,@SpaceX,2021-03-04T09:31:12.000Z,Deployment of 60 Starlink satellites confirmedDeployment of 60 Starlink satellites confirmed,2.6K,100.2K,10K
SpaceX,@SpaceX,2021-03-04T07:54:13.000Z,T-30 minutes until launch of Starlink. Webcast will go live ~15 minutes before liftoff ‚Üí http://spacex.com/launchesT-30 minutes until launch of Starlink. Webcast will go live ~15 minutes before liftoff ‚Üí http://spacex.com/launches,1K,30.4K,2.2K
Elon Musk,@elonmusk,2021-03-04T00:35:12.000Z,Starship SN10 landed in one piece!Starship SN10 landed in one piece!,9.1K,171.1K,20.1K
Elon Musk,@elonmusk,2021-03-03T20:39:42.000Z,Launch abort on slightly conservative high thrust limit. Increasing thrust limit & recycling propellant for another flight attempt today.Launch abort on slightly conservative high thrust limit. Increasing thrust limit & recycling propellant for another flight attempt today.,2.6K,95K,4.2K
Elon Musk,@elonmusk,2021-03-03T20:10:07.000Z,5 mins to Starship test flight attempt5 mins to Starship test flight attempt,8.6K,196.5K,10.4K
Elon Musk,@elonmusk,2021-03-03T11:59:08.000Z,March 3rdMarch 3rd,2.3K,88.2K,2.9K
Elon Musk,@elonmusk,2021-03-03T11:30:39.000Z,Starship launch tomorrow. Window opens at 9am.Starship launch tomorrow. Window opens at 9am.,6.9K,241.8K,15.8K
ÂâçÊæ§Âèã‰Ωú‚îÉ„ÅäÈáëË¥à„Çä„Åä„Åò„Åï„Çì,@yousuck2020,2021-03-02T22:09:00.000Z,„ÄêÁô∫Ë°®„Äë2023Âπ¥„Å´‰∫àÂÆö„Åó„Å¶„ÅÑ„ÇãÊúàÊóÖË°å„Å´8ÂêçÊßò„Çí„ÅîÊãõÂæÖ„Åó„Åæ„Åô„ÄÇÊú¨Êó•„Çà„ÇäÂøúÂãüÂèó‰ªòÈñãÂßã„Åó„Åæ„ÅôÔºÅ„Åø„Çì„Å™„ÅßÊ•Ω„Åó„ÅÑÊóÖË°å„Å´„Åó„Åæ„Åó„Çá„ÅÜ #dearMoon„ÄêÁô∫Ë°®„Äë2023Âπ¥„Å´‰∫àÂÆö„Åó„Å¶„ÅÑ„ÇãÊúàÊóÖË°å„Å´8ÂêçÊßò„Çí„ÅîÊãõÂæÖ„Åó„Åæ„Åô„ÄÇÊú¨Êó•„Çà„ÇäÂøúÂãüÂèó‰ªòÈñãÂßã„Åó„Åæ„ÅôÔºÅ„Åø„Çì„Å™„ÅßÊ•Ω„Åó„ÅÑÊóÖË°å„Å´„Åó„Åæ„Åó„Çá„ÅÜ #dearMoon,4.3K,94.8K,24.4K
Elon Musk,@elonmusk,2021-03-02T21:19:32.000Z,"From thence to Mars,
And hence the Stars.From thence to Mars,
And hence the Stars.",2.3K,92.7K,4.5K
Elon Musk,@elonmusk,2021-03-02T20:31:38.000Z,"Creating the city of Starbase, TexasCreating the city of Starbase, Texas",8.5K,218.4K,16.1K
Elon Musk,@elonmusk,2021-03-02T18:41:18.000Z,Horses are even self-driving!Horses are even self-driving!,4.9K,143.9K,14.3K
Elon Musk,@elonmusk,2021-03-01T19:57:08.000Z,Doge meme shield (legendary item)Doge meme shield (legendary item),9.3K,283K,28.6K
Elon Musk,@elonmusk,2021-03-01T19:01:34.000Z,New drug coming out called Regretamine. Pop one & all regrets are gone.New drug coming out called Regretamine. Pop one & all regrets are gone.,12.3K,290.7K,29.1K
Elon Musk,@elonmusk,2021-03-01T18:59:03.000Z,Always wondered where exactly your gaming character keeps all the stuffAlways wondered where exactly your gaming character keeps all the stuff,5.2K,195.6K,16.8K
Tesla,@Tesla,2021-03-01T18:02:10.000Z,"Use Tesla phone app to melt snow & ice off your car before even leaving the house

 by 
@cookie_esqUse Tesla phone app to melt snow & ice off your car before even leaving the house

 by 
@cookie_esq",3.4K,107.3K,13.8K
Tesla,@Tesla,2021-02-27T04:47:10.000Z,Model 3 earns Top Safety+ award from IIHS for third year in a rowModel 3 earns Top Safety+ award from IIHS for third year in a row,1.5K,38.5K,3.2K
Elon Musk,@elonmusk,2021-02-26T10:04:57.000Z,,4.7K,159.1K,8.5K
Elon Musk,@elonmusk,2021-02-26T09:50:44.000Z,Do androids dream of electric cars?Do androids dream of electric cars?,15K,253.7K,14.3K
